{
    "items":[
        {
            "id":"1",
            "name":"PERFECT BLUE Women's Blend Linen Silk Digital Saree With Blouse Piece(Part-2-Digital)",
            "desc":["Care Instructions: Machine Wash","Fit Type: Regular","Saree Fabric:-Georgette,Blouse Fabric:-Georgette","Saree Length-5.20 Mtr,Blouse Lenghth-0.80 Mtr","Product color may slightly vary due to photographic lighting sources on your monitor settings or device setting and lighting used in mode","Care Instructions: Machine Wash"],
            "rate":339.00,
            "stock":"2",
            "brand":"PERFECT BLUE",
            "image":["https://m.media-amazon.com/images/I/81HWahslWUL._UY879_.jpg","https://m.media-amazon.com/images/I/91EG3zAZF4L._UY879_.jpg","https://m.media-amazon.com/images/I/91rhd0VGP+L._UY879_.jpg","https://m.media-amazon.com/images/I/81OrOm8vuxL._UY879_.jpg"]
        },
        {
            "id":"2",
            "name":"Aahwan Women's & Girls' Solid Ribbed Crop Tank Top",
            "desc":["Care Instructions: Machine Wash","Fit Type: Slim Fit","The model (height 5'7') is wearing a size S","Material: 95% Cotton 5% Polyester, Pattern: Solid","Sleeve: Sleeveless, Neck: Mock Neck","Fit Type: Slim Fit, Closure: Pull On","Details: Crop Top, Ribbed, Tank Top"],
            "rate":349.00,
            "stock":"4",
            "brand":"Aahwan Store",
            "image":["https://m.media-amazon.com/images/I/61iwn2Jr4aL._UY879_.jpg","https://m.media-amazon.com/images/I/713n0osfsHL._UY879_.jpg","https://m.media-amazon.com/images/I/71IrFklYF4L._UY879_.jpg","https://m.media-amazon.com/images/I/71OEiplXj5L._UY879_.jpg"]
        },
        {
            "id":"3",
            "name":"Lymio Women's Crop Red Color V Neck Half Sleeve Polyester Solid Top",
            "desc":["Care Instructions: Dry Clean Only","Fit Type: Crop","Fabric : Polyester","Color : Black","Sleeve Type : puff Sleeve","Wash Care : first wash is dry clean after that use machine wash or hand wash","Sleeve type: Half Sleeve","Style name: Western"],
            "rate":399.00,
            "stock":"1",
            "brand":"Lymio Store",
            "image":["https://m.media-amazon.com/images/I/61UW+JGmbUL._UY879_.jpg","https://m.media-amazon.com/images/I/61tFUtze4uL._UY879_.jpg","https://m.media-amazon.com/images/I/71i4KIiB58L._UY879_.jpg","https://m.media-amazon.com/images/I/513+spbNDbL._UY879_.jpg" ,"https://m.media-amazon.com/images/I/61qZUavyASL._UY879_.jpg"]
        },
        {
            "id":"4",
            "name":"Elyraa Women's Casual Polka Dot Half Sleeve Stylish Tops for Women/Girls",
            "desc":["Care Instructions: Machine Wash","Fit Type: Slim Fit","Wash Care: Machine Wash","Fabric Type: Polyester","Pattern Name: Solid; Closure Type: Pull On","Sleeve Type: Half Sleeve; Collar Style: Classic Collar; Fit Type: Slim Fit","Pattern Type: Polka Dots; Material Composition: 95% Polyester, 5% Spandex; Occasion Type: Evening"],
            "rate":399.00,
            "stock":"1",
            "brand":"Elyraa Store",
            "image":["https://m.media-amazon.com/images/I/61MEM2Is6WL._UY879_.jpg","https://m.media-amazon.com/images/I/61eAbAKfkIL._UY879_.jpg","https://m.media-amazon.com/images/I/712UuR3CEwL._UY879_.jpg","https://m.media-amazon.com/images/I/71qHddos7PL._UY879_.jpg" ,"https://m.media-amazon.com/images/I/61A2ciKKFuL._UY879_.jpg"]
        },
        {
            "id":"5",
            "name":"Lymio Women's Dress",
            "desc":["Care Instructions: Dry Clean Only","Fit Type: Regular","Care Instructions: Dry Clean Only","Fit Type: Regular","Sleeve Type : Puff Sleeve","Fabric-polyester","Hem Shaped:Flounce"],
            "rate":599.00,
            "stock":"10",
            "brand":"Lymio Store",
            "image":["https://m.media-amazon.com/images/I/71p9m51QtUL._UY879_.jpg","https://m.media-amazon.com/images/I/81xdehpqAYL._UY879_.jpg","https://m.media-amazon.com/images/I/81B0FvJoNkL._UY879_.jpg","https://m.media-amazon.com/images/I/814xdj8bT5L._UY879_.jpg" ,"https://m.media-amazon.com/images/I/81-A1D6BApL._UY879_.jpg","https://m.media-amazon.com/images/I/81UWxbqW+yL._UY879_.jpg"]
        },
        {
            "id":"6",
            "name":"Kotty Womens High Rise Cotton Lycra Clean Look Ankle Length Flared Denim Jeans",
            "desc":["Care Instructions: Machine Wash","Fit Type: Skinny","Type:Kotty Women's High Rise Jeans","Fabric:Cotton&Lycra","Fabric Care:Hand Wash","Length:Regular Length","Closure:Button With Zip"],
            "rate":719.00,
            "stock":"7",
            "brand":"KOTTY Store",
            "image":["https://m.media-amazon.com/images/I/31Jbz2JhD8L.jpg","https://m.media-amazon.com/images/I/31Z-5MPLHCL.jpg","https://m.media-amazon.com/images/I/31DJrjcYdUL.jpg","https://m.media-amazon.com/images/I/61sG3JPVgBL._UY879_.jpg" ,"https://m.media-amazon.com/images/I/31--+3WSzEL.jpg","https://m.media-amazon.com/images/I/31vPtgFenSL.jpg"]
        },
        {
            "id":"7",
            "name":"AKA CHIC Women's Relaxed Jeans",
            "desc":["Care Instructions: Machine Wash","Fit Type: Relaxed","Form flattering Jeans that fits looser and provide plenty of space in the seat, crotch, and thigh, and legs","High Rise 5 pocket jeans in ankle length; Scoop pocket","Material - 100% Cotton","Zip fly with button closure","Type of Wash - Medium Wash","This can be paired with tees and tops for a fashionable weekend ensemble","Made in India","Inseam length - 27 inches"],
            "rate":919.00,
            "stock":"2",
            "brand":"AKA CHIC",
            "image":["https://m.media-amazon.com/images/I/91BOfaa5IDL._UY879_.jpg","https://m.media-amazon.com/images/I/91QR6-zSxlL._UY879_.jpg","https://m.media-amazon.com/images/I/91O4vrj6cQL._UY879_.jpg","https://m.media-amazon.com/images/I/91QZnXZAMpL._UY879_.jpg" ,"https://m.media-amazon.com/images/I/91GEr+yAs4L._UY879_.jpg"]
        },
        {
            "id":"8",
            "name":"SRISHTI By FBB Women's Synthetic a-line Kurta (1001639376_ Green_ Small)",
            "desc":["Care Instructions: Machine Wash","Color Name: Green","Material: Synthetic with three quarter sleeve","A-line","Knee length","Machine wash"],
            "rate":649.00,
            "stock":"5",
            "brand":"SRISHTI By FBB",
            "image":["https://m.media-amazon.com/images/I/51Uq26HWxAL._UY879_.jpg","https://m.media-amazon.com/images/I/51m54OQpKrL._UY879_.jpg","https://m.media-amazon.com/images/I/51-HbRZhmUL._UY879_.jpg","https://m.media-amazon.com/images/I/717yiyedtpL._UY879_.jpg"]
        },
        {
            "id":"9",
            "name":"SRISHTI By fbb Women's Cotton a-line Kurta",
            "desc":["Care Instructions: Machine Wash","Made of Cotton Flax","3/4th Sleeves","Mandarin collar","Regular fit","Asymmetric hemline"],
            "rate":449.00,
            "stock":"3",
            "brand":"SRISHTI By FBB",
            "image":["https://m.media-amazon.com/images/I/512UhzOdq6L._UY879_.jpg","https://m.media-amazon.com/images/I/51OthGuE0GL._UY879_.jpg","https://m.media-amazon.com/images/I/51gk0eVYB-L._UY879_.jpg","https://m.media-amazon.com/images/I/51xyoufXmfL._UY879_.jpg","https://m.media-amazon.com/images/I/51Q+1M5HrWL._UY879_.jpg","https://m.media-amazon.com/images/I/71txMQSwQKL._UY879_.jpg"]
        },
        {
            "id":"10",
            "name":"NYKD All Day Women's High Waisted Board Shorts, Knee Length, Comfortable Fit - NYAT100",
            "desc":["Care Instructions: Machine wash cold gentle cycle,Do not bleach,Tumble dry low,Do not dry clean,Low iron","Fit Type: Relaxed","You go, shortie. Classic high waisted board shorts with a wide waistband for added comfort is the ideal wear for whenever you choose to feel comfy. With pin tuck detailing, pockets and trend setting knee length, you know it's an outfit you'll want to definitely Instagram about.","Comfy Feel: Loop backed Ultra-smooth fabric feel on your skin","Fab Fit: Relaxed comfy fit for all day comfort.","Smooth Fabric: 52% cotton 48% polyester.","High on technology: Polyester blend for high product durability.","Details: Pin tuck detailing on the front, pockets for your every needs in these knee length board shorts."],
            "rate":999.00,
            "stock":"3",
            "brand":"NYKD Store",
            "image":["https://m.media-amazon.com/images/I/619kK2FGlQL._UY879_.jpg","https://m.media-amazon.com/images/I/61QPy+7IhzL._UY879_.jpg","https://m.media-amazon.com/images/I/61QXeiIwMmL._UY879_.jpg","https://m.media-amazon.com/images/I/618hu7p2fRL._UY879_.jpg","https://m.media-amazon.com/images/I/71BJxAqogxL._UX679_.jpg"]
        }
    ]
}